Keyword,Match Type
"v0 by vercel",Phrase
"vercel app",Phrase
"vercel v0",Phrase
"sourcegraph cody",Phrase
"thunder client download",Phrase
"thunderclient online",Phrase
"thunderclient",Exact
"docsify",Exact
"ngrok",Exact
"maltego",Exact
"reqable desktop",Exact
"json",Exact
"redoc",Exact
"magic loops",Phrase
"html code",Phrase
"dependencies",Exact
"api token",Exact
"open jsx file online",Phrase
"apps to make apps",Phrase
"coding for beginners",Phrase
"software script",Phrase
"google colab",Phrase
"run code online",Phrase
"gemini code assist",Phrase
"bug bounty",Phrase
"rest client chrome",Phrase
"npm install npm start",Phrase
"asp net core web api",Phrase
"spck editor",Phrase
"themes templates",Phrase
